Date,Close/Last,Volume,Open,High,Low
10/24/2025,22.85,160416,22.82,22.9299,22.77
10/23/2025,22.88,259797,22.88,22.88,22.77
10/22/2025,22.87,273403,22.90,22.91,22.76
10/21/2025,22.84,235125,22.81,22.88,22.80
10/20/2025,22.82,87577,22.89,22.89,22.78
10/17/2025,22.87,252222,22.65,22.87,22.65
10/16/2025,22.68,524030,22.72,22.82,22.68
10/15/2025,22.81,98801,22.88,22.891,22.7401
10/14/2025,22.80,548142,22.71,22.82,22.69
10/13/2025,22.79,178154,22.87,22.87,22.73
10/10/2025,22.72,172476,22.82,22.82,22.65
10/09/2025,22.70,264929,22.75,22.77,22.59
10/08/2025,22.82,221995,22.91,22.9499,22.77
10/07/2025,22.86,129282,22.85,22.86,22.76
10/06/2025,22.84,175535,22.67,22.84,22.67
10/03/2025,22.81,161493,22.94,22.94,22.78
10/02/2025,22.92,408935,22.91,22.93,22.8186
10/01/2025,22.83,324365,22.91,22.91,22.80
09/30/2025,22.91,142598,22.85,22.9265,22.8045
09/29/2025,22.85,118332,22.80,22.905,22.80
09/26/2025,22.85,207058,22.85,22.864,22.76
09/25/2025,22.78,169400,22.85,22.85,22.73
09/24/2025,22.97,191967,23.05,23.05,22.93
09/23/2025,23.00,89958,22.89,23.00,22.89
09/22/2025,22.97,151814,22.96,23.00,22.90
09/19/2025,22.93,138706,22.94,22.97,22.86
09/18/2025,22.85,197125,22.94,22.94,22.8001
09/17/2025,22.88,101883,22.93,22.93,22.79
09/16/2025,22.85,147163,22.99,22.99,22.85
09/15/2025,22.87,176450,22.91,22.95,22.86
09/12/2025,22.95,164508,22.90,22.9741,22.86
09/11/2025,22.90,159236,22.90,22.98,22.90
09/10/2025,22.92,106021,22.90,22.9399,22.85
09/09/2025,22.80,262893,22.82,22.8485,22.79
09/08/2025,22.83,152198,22.90,22.90,22.83
09/05/2025,22.82,323857,22.95,22.95,22.82
09/04/2025,22.88,98032,22.80,22.89,22.80
09/03/2025,22.81,161554,22.78,22.90,22.70
09/02/2025,22.85,168818,22.78,22.85,22.76
08/29/2025,22.81,340687,22.92,22.92,22.80
08/28/2025,22.85,199614,22.78,22.87,22.78
08/27/2025,22.85,172286,22.95,22.95,22.75
08/26/2025,22.81,366839,22.96,22.98,22.78
08/25/2025,22.96,243734,23.03,23.05,22.96
08/22/2025,23.06,232381,23.11,23.1106,23.00
08/21/2025,23.00,346058,23.05,23.075,22.97
08/20/2025,23.01,148321,23.12,23.1299,22.94
08/19/2025,22.93,253303,23.14,23.14,22.9028
08/18/2025,22.97,274811,23.14,23.14,22.95
08/15/2025,23.04,104952,23.14,23.14,22.93
08/14/2025,22.96,176641,23.00,23.0823,22.96
08/13/2025,23.05,176746,23.15,23.1691,23.03
08/12/2025,23.12,333957,23.15,23.1662,23.08
08/11/2025,23.18,189456,23.20,23.20,23.102
08/08/2025,23.22,237228,23.16,23.2621,23.13
08/07/2025,23.23,220013,23.33,23.33,23.14
08/06/2025,23.33,236159,23.15,23.33,23.15
08/05/2025,23.23,420975,23.25,23.26,23.12
08/04/2025,23.22,497794,23.16,23.22,23.01
08/01/2025,23.08,226689,23.09,23.22,23.035
07/31/2025,23.07,158291,23.14,23.14,22.99
07/30/2025,22.97,655336,22.91,23.06,22.91
07/29/2025,22.91,135859,22.87,22.94,22.87
07/28/2025,22.86,326072,22.95,22.95,22.85
07/25/2025,23.09,256452,23.03,23.09,23.00
07/24/2025,22.98,377438,22.99,23.0499,22.95
07/23/2025,22.99,607002,22.96,22.99,22.92
07/22/2025,22.95,84330,22.89,22.99,22.89
07/21/2025,22.96,422525,22.99,23.01,22.931
07/18/2025,22.92,550634,22.85,22.98,22.85
07/17/2025,22.90,229321,22.99,22.99,22.88
07/16/2025,22.90,249417,22.90,22.96,22.8501
07/15/2025,22.85,176472,22.98,22.98,22.84
07/14/2025,22.94,165128,22.90,22.9507,22.842
07/11/2025,22.99,401454,22.97,22.99,22.8449
07/10/2025,22.98,164015,23.07,23.07,22.86
07/09/2025,23.04,143740,23.06,23.0899,22.93
07/08/2025,22.98,395456,23.15,23.15,22.92
07/07/2025,23.11,421025,23.21,23.21,23.03
07/03/2025,23.10,207685,23.27,23.27,23.04
07/02/2025,23.09,292136,23.21,23.21,23.02
07/01/2025,23.22,458693,23.35,23.35,23.12
06/30/2025,23.32,223132,23.32,23.32,23.16
06/27/2025,23.15,139948,23.06,23.2167,23.06
06/26/2025,23.25,258486,23.25,23.25,23.09
06/25/2025,23.21,227980,23.26,23.26,23.073
06/24/2025,23.34,127315,23.34,23.383,23.25
06/23/2025,23.28,83338,23.34,23.34,23.24
06/20/2025,23.26,181929,23.20,23.26,23.1427
06/18/2025,23.19,171366,23.19,23.19,23.10
06/17/2025,23.12,84809,23.06,23.1299,23.06
06/16/2025,23.12,184226,23.11,23.15,23.05
06/13/2025,23.08,201158,23.15,23.15,23.002
06/12/2025,23.12,290450,23.14,23.14,23.05
06/11/2025,23.04,198140,23.13,23.13,22.995
06/10/2025,22.99,195703,23.10,23.10,22.91
06/09/2025,23.05,166498,23.14,23.14,23.00
06/06/2025,23.11,373489,23.20,23.20,23.08
06/05/2025,23.17,860306,23.20,23.21,23.10
06/04/2025,23.21,775316,23.15,23.25,23.1288
06/03/2025,23.16,153062,23.20,23.2992,23.13
06/02/2025,23.19,224102,23.25,23.25,23.11
05/30/2025,23.21,233982,23.18,23.21,23.06
05/29/2025,23.11,63749,23.01,23.1169,23.01
05/28/2025,23.03,160364,23.08,23.1999,22.98
05/27/2025,23.10,91959,23.17,23.17,23.00
05/23/2025,23.20,75637,23.10,23.20,23.04
05/22/2025,23.18,72948,23.13,23.18,23.06
05/21/2025,23.13,116516,23.26,23.26,23.07
05/20/2025,23.21,156687,23.37,23.37,23.07
05/19/2025,23.23,212285,23.09,23.24,23.09
05/16/2025,23.16,91330,23.14,23.16,23.03
05/15/2025,23.14,125324,23.04,23.14,22.96
05/14/2025,22.96,609327,23.15,23.15,22.937
05/13/2025,23.10,182480,23.20,23.27,23.00
05/12/2025,23.17,196700,23.10,23.1792,22.96
05/09/2025,22.96,113275,23.10,23.10,22.90
05/08/2025,22.93,143540,23.24,23.40,22.93
05/07/2025,23.14,119289,23.21,23.56,23.04
05/06/2025,23.0975,1430153,23.24,23.32,23.016
05/05/2025,23.11,118155,23.19,23.305,23.00
05/02/2025,23.13,78071,23.09,23.17,23.01
05/01/2025,23.09,87523,22.98,23.17,22.9511
04/30/2025,22.92,43244,23.11,23.11,22.90
04/29/2025,23.03,42684,23.07,23.07,22.98
04/28/2025,22.99,116682,23.08,23.2098,22.85
04/25/2025,23.07,112098,22.86,23.135,22.86
04/24/2025,23.21,69604,23.25,23.4035,23.06
04/23/2025,23.07,218227,23.38,23.43,23.06
04/22/2025,22.95,104290,23.07,23.07,22.90
04/21/2025,22.84,67512,23.06,23.06,22.80
04/17/2025,23.02,37525,23.05,23.0928,22.9512
04/16/2025,22.95,82224,22.90,23.0186,22.90
04/15/2025,22.90,87231,23.10,23.10,22.90
04/14/2025,22.95,82337,22.93,23.00,22.7904
04/11/2025,22.68,63939,22.83,22.9916,22.5956
04/10/2025,22.83,94596,22.92,23.43,22.43
04/09/2025,24.89,276012,22.52,24.89,21.80
04/08/2025,22.43,188967,22.54,22.89,22.365
04/07/2025,22.37,259810,22.50,22.695,22.09
04/04/2025,21.77,469415,22.46,23.0799,21.77
04/03/2025,22.92,247448,22.59,23.01,22.59
04/02/2025,23.34,86022,23.18,23.34,22.90
04/01/2025,23.03,98403,23.07,23.07,22.91
03/31/2025,22.94,93502,22.97,22.9882,22.7572
03/28/2025,22.84,70144,22.88,22.88,22.71
03/27/2025,22.71,27962,22.81,22.89,22.71
03/26/2025,22.83,22599,22.91,22.99,22.83
03/25/2025,23.00,30457,23.19,23.19,23.00
03/24/2025,23.08,41876,23.14,23.14,22.88
03/21/2025,23.0505,20115,23.19,23.19,22.87
03/20/2025,23.20,36665,22.86,23.20,22.86
03/19/2025,23.05,46370,23.03,23.05,22.88
03/18/2025,22.905,32561,23.08,23.09,22.88
03/17/2025,22.99,25318,22.91,23.00,22.91
03/14/2025,22.86,76043,22.98,22.98,22.6832
03/13/2025,22.82,99514,22.73,23.01,22.73
03/12/2025,22.80,41773,22.97,22.97,22.80
03/11/2025,22.88,198400,23.25,23.25,22.88
03/10/2025,23.09,30640,22.83,23.20,22.83
03/07/2025,22.93,25952,22.99,23.08,22.93
03/06/2025,23.01,52967,22.93,23.11,22.93
03/05/2025,23.12,169030,22.86,23.13,22.86
03/04/2025,23.10,119913,23.32,23.32,23.10
03/03/2025,23.18,85542,22.97,23.18,22.91
02/28/2025,22.93,75031,22.97,22.98,22.85
02/27/2025,22.8292,35698,22.80,22.85,22.7942
02/26/2025,22.83,80301,22.725,22.83,22.69
02/25/2025,22.7253,21393,22.66,22.769,22.56
02/24/2025,22.70,11486,22.58,22.70,22.58
02/21/2025,22.55,35919,22.62,22.6499,22.55
02/20/2025,22.62,184376,22.96,22.96,22.5499
02/19/2025,22.54,34097,22.45,22.545,22.45
02/18/2025,22.47,24672,22.96,22.96,22.44
02/14/2025,22.57,12573,22.64,22.64,22.53
02/13/2025,22.46,10002,22.46,22.5316,22.42
02/12/2025,22.47,15169,22.4374,22.5199,22.4059
02/11/2025,22.50,18927,22.50,22.5699,22.47
02/10/2025,22.55,20354,22.48,22.62,22.45
02/07/2025,22.54,31655,22.86,22.86,22.365
02/06/2025,22.57,72048,22.94,22.94,22.4101
02/05/2025,22.4387,13865,22.33,22.4699,22.33
02/04/2025,22.47,23389,22.50,22.50,22.3105
02/03/2025,22.47,304407,22.20,22.47,22.20
01/31/2025,22.30,29891,22.36,22.39,22.27
01/30/2025,22.37,31237,22.19,22.37,22.19
01/29/2025,22.2301,27026,22.33,22.37,22.1972
01/28/2025,22.26,29381,22.25,22.3182,22.25
01/27/2025,22.31,46728,22.36,22.40,22.30
01/24/2025,22.3245,21885,22.34,22.36,22.2941
01/23/2025,22.34,453426,22.31,22.34,22.25
01/22/2025,22.2851,17346,22.50,22.50,22.25
01/21/2025,22.47,43737,22.25,22.47,22.25
01/17/2025,22.2677,35901,22.3327,22.3327,22.20
01/16/2025,22.34,28989,22.31,22.34,22.1478
01/15/2025,22.15,34667,22.01,22.21,22.01
01/14/2025,22.01,19935,22.05,22.05,21.89
01/13/2025,21.93,29372,21.95,21.95,21.7341
01/10/2025,21.95,25632,22.15,22.15,21.76
01/08/2025,22.10,20744,22.15,22.15,21.9789
01/07/2025,22.06,20127,22.15,22.15,21.8839
01/06/2025,22.12,30581,22.27,22.27,21.95
01/03/2025,22.10,21574,22.00,22.22,22.00
01/02/2025,21.95,75574,21.79,22.09,21.7083
12/31/2024,21.81,93407,21.75,22.0285,21.75
12/30/2024,22.10,53710,21.57,22.10,21.57
12/27/2024,21.9651,103234,22.04,22.06,21.9651
12/26/2024,22.00,22794,22.66,22.66,21.90
12/24/2024,21.97,24978,22.22,22.22,21.97
12/23/2024,21.97,23205,22.33,22.33,21.8498
12/20/2024,22.9494,28726,22.64,23.04,22.64
12/19/2024,22.6868,23750,22.79,22.8299,22.6405
12/18/2024,22.81,38974,22.92,23.0413,22.79
12/17/2024,23.088,21832,23.0743,23.1023,23.05
12/16/2024,23.0956,23591,23.15,23.18,22.97
12/13/2024,22.963,41845,23.095,23.095,22.963
12/12/2024,23.0943,12069,23.3299,23.3299,23.05
12/11/2024,23.1537,24355,23.05,23.27,23.05
12/10/2024,23.0535,23326,23.1396,23.17,23.03
12/09/2024,23.15,13174,23.17,23.18,23.08
12/06/2024,23.2359,16349,23.11,23.33,23.11
12/05/2024,23.2106,11749,23.36,23.36,23.11
12/04/2024,23.2217,18080,23.41,23.41,23.12
12/03/2024,23.2111,13862,23.0789,23.23,23.0789
12/02/2024,23.20,24599,23.38,23.38,23.06
11/29/2024,23.2465,13336,23.20,23.31,23.14
11/27/2024,23.1613,11584,23.11,23.21,23.11
11/26/2024,23.1778,12305,23.17,23.22,23.10
11/25/2024,23.163,14069,23.38,23.38,23.10
11/22/2024,23.40,23924,23.55,23.55,23.3054
11/21/2024,23.3994,29252,23.45,23.47,23.32
11/20/2024,23.45,15528,23.55,23.76,23.2996
11/19/2024,23.48,22786,23.54,23.54,23.3954
11/18/2024,23.3665,13364,23.50,23.50,23.3069
11/15/2024,23.38,19669,23.44,23.44,23.28
11/14/2024,23.37,17745,23.47,23.50,23.26
11/13/2024,23.43,25616,23.395,23.4592,23.32
11/12/2024,23.51,21417,23.69,23.69,23.35
11/11/2024,23.46,13892,23.72,23.72,23.43
11/08/2024,23.5507,11764,23.3927,23.61,23.38
11/07/2024,23.50,17973,23.325,23.50,23.2492
11/06/2024,23.295,38637,23.42,23.7999,23.275
11/05/2024,23.16,11585,23.25,23.25,23.11
11/04/2024,23.0935,6610,23.175,23.185,23.09
11/01/2024,23.1385,14861,23.21,23.22,23.05
10/31/2024,23.02,9686,23.30,23.30,23.00
10/30/2024,23.2457,10939,23.27,23.27,23.19
10/29/2024,23.2056,10392,23.19,23.2599,23.15
10/28/2024,23.2061,44812,23.28,23.33,23.1114
10/25/2024,23.53,9670,23.54,23.54,23.47
10/24/2024,23.4666,25507,23.58,23.58,23.35
10/23/2024,23.41,7347,23.49,23.498,23.32
10/22/2024,23.5199,37992,23.32,23.54,23.32
10/21/2024,23.56,16414,23.49,23.58,23.39
10/18/2024,23.60,26139,23.4747,23.60,23.445
10/17/2024,23.4558,17444,23.50,23.5151,23.33
10/16/2024,23.4975,20711,23.72,23.72,23.45
10/15/2024,23.35,201536,23.634,23.89,23.35
10/14/2024,23.714,15434,23.73,23.73,23.6198
10/11/2024,23.5705,36948,23.48,23.73,23.47
10/10/2024,23.63,53257,23.59,23.64,23.46
10/09/2024,23.535,20853,23.49,23.61,23.48
10/08/2024,23.68,24555,23.60,23.68,23.47
10/07/2024,23.61,16168,23.83,23.83,23.46
10/04/2024,23.5855,43495,23.90,23.90,23.55
10/03/2024,23.88,10061,23.764,23.88,23.74
10/02/2024,23.78,16662,23.86,23.86,23.75
10/01/2024,23.8156,66298,23.71,23.85,23.71
09/30/2024,23.7368,18375,23.775,23.80,23.70
09/27/2024,23.7362,8490,23.685,23.76,23.63
09/26/2024,23.63,21595,23.651,23.76,23.63
09/25/2024,23.7683,25024,23.81,23.81,23.7075
09/24/2024,23.97,20052,23.91,23.97,23.89
09/23/2024,23.9566,465817,23.93,24.00,23.90
09/20/2024,23.947,17535,23.94,23.95,23.89
09/19/2024,23.89,30342,23.94,23.94,23.835
09/18/2024,23.8792,19790,23.85,23.94,23.84
09/17/2024,23.89,27586,24.50,24.50,23.8563
09/16/2024,23.97,46461,23.79,23.97,23.79
09/13/2024,23.85,46077,24.05,24.05,23.81
09/12/2024,23.93,28178,23.95,23.95,23.82
09/11/2024,23.94,47674,24.10,24.10,23.89
09/10/2024,23.88,429963,24.04,24.07,23.88
09/09/2024,23.944,10624,23.832,23.96,23.832
09/06/2024,23.77,65248,23.95,23.95,23.77
09/05/2024,23.82,10016,23.69,23.8399,23.69
09/04/2024,23.74,49158,23.80,23.86,23.6411
09/03/2024,23.78,12682,23.74,23.79,23.63
08/30/2024,23.81,22443,23.94,23.94,23.69
08/29/2024,23.75,11399,23.70,23.815,23.65
08/28/2024,23.62,41398,23.67,23.7698,23.62
08/27/2024,23.7039,7858,23.60,23.72,23.60
08/26/2024,23.87,32985,23.71,23.9632,23.71
08/23/2024,23.92,58713,23.94,23.94,23.81
08/22/2024,23.9333,9723,23.77,23.96,23.77
08/21/2024,23.80,63828,24.08,24.08,23.80
08/20/2024,23.90,51488,23.97,23.97,23.77
08/19/2024,23.83,57960,23.97,23.97,23.74
08/16/2024,23.774,393026,23.7399,23.82,23.71
08/15/2024,23.7426,34768,23.98,23.98,23.63
08/14/2024,23.8075,17157,24.06,24.06,23.71
08/13/2024,23.73,17375,23.86,23.86,23.645
08/12/2024,23.68,25668,23.63,23.68,23.56
08/09/2024,23.62,15153,23.50,23.62,23.47
08/08/2024,23.55,6402,23.518,23.57,23.3901
08/07/2024,23.53,12977,23.55,23.55,23.38
08/06/2024,23.45,25212,23.94,23.94,23.45
08/05/2024,23.70,27534,23.30,24.05,23.30
08/02/2024,23.51,87572,23.53,23.57,23.44
08/01/2024,23.41,4186,23.32,23.41,23.31
07/31/2024,23.19,14693,23.275,23.33,23.19
07/30/2024,23.30,11732,23.35,23.35,23.18
07/29/2024,23.17,760936,23.29,23.29,23.17
07/26/2024,23.2091,17463,23.1864,23.27,23.18
07/25/2024,23.44,15243,23.50,23.51,23.42
07/24/2024,23.37,6780,23.46,23.4826,23.37
07/23/2024,23.40,18853,23.42,23.51,23.40
07/22/2024,23.38,40458,23.45,23.45,23.35
07/19/2024,23.24,5321,23.27,23.34,23.24
07/18/2024,23.19,36321,23.241,23.32,23.19
07/17/2024,23.33,33331,23.19,23.33,23.19
07/16/2024,23.22,11688,23.32,23.32,23.22
07/15/2024,23.36,5362,23.327,23.36,23.19
07/12/2024,23.17,26071,23.46,23.46,23.17
07/11/2024,23.13,8494,23.24,23.28,23.13
07/10/2024,23.24,10705,21.34,23.24,21.34
07/09/2024,23.21,13995,23.20,23.21,23.13
07/08/2024,23.25,3572,23.20,23.25,23.16
07/05/2024,23.2247,25831,23.1541,23.27,23.1541
07/03/2024,23.105,8441,23.06,23.14,23.04
07/02/2024,23.12,29619,22.82,23.12,22.82
07/01/2024,23.04,9875,22.99,23.04,22.96
06/28/2024,22.9655,60455,23.11,23.11,22.9655
06/27/2024,23.10,8484,23.10,23.14,22.99
06/26/2024,23.06,2391,23.0258,23.06,22.9801
06/25/2024,23.00,19778,23.02,23.13,23.00
06/24/2024,23.25,6957,25.59,25.59,23.22
06/21/2024,23.2592,19049,23.289,23.32,23.22
06/20/2024,23.22,9511,23.22,23.33,23.22
06/18/2024,23.3788,18088,23.44,23.44,23.25
06/17/2024,23.29,5621,23.15,23.29,23.15
06/14/2024,23.27,19157,23.2599,23.27,23.12
06/13/2024,23.1966,4071,23.24,23.24,23.13
06/12/2024,23.06,6040,23.05,23.08,23.02
06/11/2024,22.92,15826,22.77,23.06,22.77
06/10/2024,22.99,7779,22.89,22.99,22.84
06/07/2024,22.80,9968,22.86,22.96,22.80
06/06/2024,22.84,22618,22.98,22.9899,22.84
06/05/2024,22.86,13181,22.89,22.97,22.86
06/04/2024,22.79,9515,22.88,22.89,22.79
06/03/2024,22.70,5633,22.81,22.81,22.70
05/31/2024,22.75,11602,22.81,22.84,22.71
05/30/2024,22.71,40419,22.74,22.75,22.68
05/29/2024,22.64,33441,22.78,22.78,22.64
05/28/2024,22.66,16457,23.04,23.04,22.66
05/24/2024,22.8475,5096,23.03,23.03,22.6201
05/23/2024,22.9799,11624,23.24,23.24,22.97
05/22/2024,22.92,24659,23.02,23.04,22.92
05/21/2024,23.08,37952,23.06,23.10,23.02
05/20/2024,23.06,20921,22.985,23.06,22.965
05/17/2024,22.98,30209,22.92,23.05,22.9135
05/16/2024,23.045,44898,23.00,23.0995,23.00
05/15/2024,23.12,2020791,22.893,23.12,22.893
05/14/2024,22.88,24188,22.84,22.9165,22.79
05/13/2024,22.79,16300,23.01,23.01,22.79
05/10/2024,23.01,25560,22.93,23.01,22.90
05/09/2024,22.92,57267,23.01,23.01,22.9184
05/08/2024,23.01,24737,22.96,23.01,22.92
05/07/2024,23.00,12962,22.98,23.00,22.96
05/06/2024,22.99,14208,22.98,22.99,22.95
05/03/2024,22.98,10723,22.93,22.98,22.91
05/02/2024,22.93,11407,22.889,22.96,22.84
05/01/2024,22.86,8160,22.66,22.88,22.66
04/30/2024,22.77,8752,22.89,22.89,22.74
04/29/2024,22.73,8518,22.84,22.84,22.73
04/26/2024,22.8518,3170,22.85,22.86,22.83
04/25/2024,22.82,11231,22.67,22.82,22.60
04/24/2024,22.93,1508,22.895,22.93,22.895
04/23/2024,22.911,3024,22.92,22.96,22.89
04/22/2024,22.861,14543,22.76,22.87,22.76
04/19/2024,22.76,18174,22.789,22.81,22.76
04/18/2024,22.71,1137,22.74,22.76,22.71
04/17/2024,22.63,16476,22.57,22.79,22.52
04/16/2024,22.79,7745,22.65,22.79,22.65
04/15/2024,22.69,6929,22.91,22.91,22.68
04/12/2024,22.78,37530,22.76,22.83,22.73
04/11/2024,22.73,25339,22.74,22.77,22.72
04/10/2024,22.85,36689,22.91,22.91,22.73
04/09/2024,22.8813,21550,22.93,22.93,22.85
04/08/2024,23.00,72906,22.895,23.01,22.89
04/05/2024,23.01,20407,22.90,23.01,22.90
04/04/2024,22.94,7407,22.922,22.95,22.90
04/03/2024,22.97,2232387,22.83,22.99,22.82
04/02/2024,22.864,21416,22.813,22.88,22.80
04/01/2024,22.72,344989,22.89,22.91,22.72
03/28/2024,22.924,2940,22.988,23.02,22.92
03/27/2024,23.05,2662,23.04,23.05,22.96
03/26/2024,23.05,6742,22.98,23.05,22.96
03/25/2024,23.0203,2899,23.02,23.06,22.96
03/22/2024,23.2357,11800,23.26,23.28,23.2001
03/21/2024,23.21,8955,23.30,23.30,23.20
03/20/2024,23.32,82818,23.235,23.32,23.228
03/19/2024,23.34,1710,23.2341,23.34,23.23
03/18/2024,23.1508,6828,23.34,23.34,23.1508
03/15/2024,23.1117,11645,23.10,23.15,23.09
03/14/2024,23.18,10938,23.19,23.20,23.14
03/13/2024,23.15,2775,23.11,23.22,23.11
03/12/2024,23.2335,54499,23.13,23.2335,23.0991
03/11/2024,23.19,4523,23.15,23.19,23.065
03/08/2024,23.17,6115,23.12,23.23,23.12
03/07/2024,23.21,7818,23.15,23.22,23.15
03/06/2024,23.22,28574,23.32,23.32,23.17
03/05/2024,23.1138,7708,23.18,23.18,23.11
03/04/2024,23.20,14970,23.71,23.71,23.09
03/01/2024,23.04,10398,23.05,23.12,23.035
02/29/2024,23.00,17369,23.02,23.12,23.00
02/28/2024,23.04,21010,23.16,23.16,22.935
02/27/2024,22.9563,15198,23.01,23.01,22.9321
02/26/2024,23.0146,31202,22.86,23.05,22.86
02/23/2024,23.23,19391,23.26,23.28,23.10
02/22/2024,23.175,4399,23.15,23.21,23.1241
02/21/2024,23.0673,12601,23.13,23.13,23.00
02/20/2024,23.0558,5312,23.02,23.08,23.02
02/16/2024,22.93,3778,22.88,22.95,22.8301
02/15/2024,22.9641,9130,23.0198,23.0299,22.95
02/14/2024,22.925,2486,22.822,22.95,22.822
02/13/2024,22.8614,27858,22.97,22.97,22.81
02/12/2024,22.8902,6839,23.00,23.00,22.8902
02/09/2024,23.0045,6508,23.0044,23.0448,23.00
02/08/2024,23.035,603,23.08,23.08,23.035
02/07/2024,23.0514,4117,22.9036,23.0514,22.9036
02/06/2024,22.8994,11121,22.96,22.96,22.8901
02/05/2024,22.85,9528,22.95,22.9501,22.85
02/02/2024,23.0279,2682,22.96,23.0399,22.96
02/01/2024,23.0713,11882,23.04,23.09,23.01
01/31/2024,22.9216,6290,22.99,22.99,22.90
01/30/2024,22.96,5260,22.9184,22.97,22.9184
01/29/2024,22.98,36177,22.9402,22.98,22.8801
01/26/2024,22.95,8892,22.947,22.95,22.90
01/25/2024,23.07,2223,23.01,23.07,23.005
01/24/2024,22.9555,9532,22.9887,23.005,22.95
01/23/2024,22.9421,29800,22.9363,22.95,22.91
01/22/2024,22.98,5623,22.95,23.03,22.95
01/19/2024,22.9917,3706,22.9692,23.0099,22.94
01/18/2024,22.9433,2997,22.9563,22.9583,22.94
01/17/2024,23.02,17253,22.98,23.02,22.95
01/16/2024,23.04,8249,23.138,23.14,23.00
01/12/2024,23.1271,4079,23.03,23.13,22.97
01/11/2024,23.0259,17314,22.8973,23.03,22.822
01/10/2024,22.94,189036,22.83,22.94,22.83
01/09/2024,22.7906,13943,22.72,22.7906,22.72
01/08/2024,22.65,191286,22.64,22.7499,22.64
01/05/2024,22.6264,32830,22.61,22.74,22.61
01/04/2024,22.7245,8803,22.79,22.82,22.71
01/03/2024,22.8012,6206,22.63,22.834,22.63
01/02/2024,22.81,16254,22.765,22.81,22.6739
12/29/2023,22.815,36382,22.89,22.93,22.795
12/28/2023,22.87,64108,22.855,22.87,22.805
12/27/2023,22.92,5394,22.65,22.94,22.65
12/26/2023,22.8026,7194,22.82,22.82,22.80
12/22/2023,22.8958,2033,22.925,22.93,22.8958
12/21/2023,22.9156,11670,22.90,22.94,22.87
12/20/2023,22.9363,20670,22.9066,22.98,22.9066
12/19/2023,22.8303,7011,22.84,22.87,22.82
12/18/2023,22.835,13708,22.794,22.86,22.77
12/15/2023,22.85,29246,22.88,22.88,22.7601
12/14/2023,22.77,19867,22.80,22.85,22.77
12/13/2023,22.87,1738,22.76,22.94,22.7499
12/12/2023,22.72,30817,22.58,22.72,22.5301
12/11/2023,22.53,1350,22.57,22.57,22.514
12/08/2023,22.5155,13202,22.55,22.55,22.47
12/07/2023,22.63,2455,22.66,22.66,22.62
12/06/2023,22.5853,17744,22.63,22.66,22.58
12/05/2023,22.59,6168,22.5665,22.61,22.5665
12/04/2023,22.56,11732,22.20,22.56,22.20
12/01/2023,22.5956,5714,22.56,22.62,22.53
11/30/2023,22.5473,9234,22.4846,22.57,22.475
11/29/2023,22.52,3081,22.60,22.60,22.52
11/28/2023,22.4904,6130,22.264,22.51,22.264
11/27/2023,22.4224,2561,23.01,23.01,22.40
11/24/2023,22.487,1030,22.445,22.49,22.445
11/22/2023,22.5004,6298,22.425,22.52,22.42
11/21/2023,22.4397,7493,22.9399,24.5393,22.09
11/20/2023,22.3527,7748,22.35,22.39,22.30
11/17/2023,22.3566,1516,22.30,22.38,22.30
11/16/2023,22.3768,6307,22.41,22.42,22.35
11/15/2023,22.2832,6639,22.331,22.3599,22.26
11/14/2023,22.52,52288,22.56,22.58,22.49
11/13/2023,22.3522,4911,22.33,22.365,22.33
11/10/2023,22.346,6695,22.33,22.36,22.3199
11/09/2023,22.2404,1889,22.28,22.28,22.23
11/08/2023,22.2932,2340,22.26,22.33,22.2552
11/07/2023,22.18,19852,22.47,22.47,22.18
11/06/2023,22.35,215510,22.224,22.35,22.21
11/03/2023,22.30,221082,22.18,22.30,22.18
11/02/2023,22.04,13709,21.86,22.18,21.86
11/01/2023,21.9333,3924,21.824,21.97,21.824
10/31/2023,21.7489,3612,21.75,21.75,21.7489
10/30/2023,21.65,1245,21.65,21.65,21.61
10/27/2023,21.56,1545,21.51,21.655,21.51
10/26/2023,21.53,10613,21.56,21.59,21.48
10/25/2023,21.6215,3362,21.64,21.65,21.5972
10/24/2023,21.6633,2266,21.66,21.70,21.61
10/23/2023,21.6003,2691,21.44,21.61,21.40
10/20/2023,21.5042,5484,21.4707,21.5299,21.4685
10/19/2023,21.4437,16814,21.47,21.58,21.44
10/18/2023,21.5184,3764,21.64,21.64,21.49
10/17/2023,21.5889,11408,21.65,21.6899,21.56
10/16/2023,21.75,2928,21.87,21.87,21.75
10/13/2023,21.766,728,21.7548,21.766,21.7548
10/12/2023,21.7848,1350,21.78,21.7848,21.78
10/11/2023,21.8296,1762,21.82,21.8296,21.81
10/10/2023,21.82,3507,21.76,21.8499,21.76
10/09/2023,21.8512,3849,21.8182,21.8512,21.8182
10/06/2023,21.6549,3214,21.4996,21.66,21.4996
10/05/2023,21.55,39474,21.585,21.6101,21.55
10/04/2023,21.5756,9164,21.64,21.64,21.4301
10/03/2023,21.48,8164,22.03,22.03,21.43
10/02/2023,21.64,6974,21.67,21.67,21.54
09/29/2023,21.60,6825,21.75,21.80,21.60
09/28/2023,21.83,19928,21.79,21.83,21.58
09/27/2023,21.61,16429,21.97,21.97,21.61
09/26/2023,21.8191,8133,21.8799,21.88,21.7901
09/25/2023,21.85,13507,21.95,21.95,21.85
09/22/2023,21.85,2329,22.05,22.05,21.85
09/21/2023,21.68,36803,21.9531,21.9531,21.68
09/20/2023,21.96,6555,22.0499,22.05,21.96
09/19/2023,22.0053,957,22.00,22.016,22.00
09/18/2023,22.026,3000,21.98,22.09,21.98
09/15/2023,21.9626,4896,22.03,22.03,21.93
09/14/2023,22.0607,7000,22.03,22.14,22.03
09/13/2023,22.02,1572,22.00,22.13,22.00
09/12/2023,21.93,2450,22.03,22.04,21.93
09/11/2023,22.0295,6581,22.02,22.06,21.95
09/08/2023,21.9419,6207,21.9851,22.00,21.93
09/07/2023,21.97,12181,21.70,21.97,21.70
09/06/2023,21.76,5061,21.73,21.84,21.73
09/05/2023,21.7655,37667,21.80,21.8719,21.73
09/01/2023,21.91,1088,21.935,21.9399,21.91
08/31/2023,21.85,4167,21.93,21.93,21.85
08/30/2023,21.91,14144,21.70,22.07,21.70
08/29/2023,21.94,3460,21.85,21.95,21.85
08/28/2023,21.83,2777,21.8001,21.875,21.80
08/25/2023,21.9301,246,21.9301,21.9301,21.9301
08/24/2023,21.781,1654,21.84,21.84,21.781
08/23/2023,21.9055,2283,21.85,21.9297,21.85
08/22/2023,21.65,2910,21.72,21.72,21.65
08/21/2023,21.64,1275,21.5711,21.68,21.5711
08/18/2023,21.6558,731,21.68,21.70,21.6558
08/17/2023,21.57,15586,21.58,21.68,21.57
08/16/2023,21.68,736,21.78,21.78,21.68
08/15/2023,21.721,2108,21.7921,21.8199,21.721
08/14/2023,21.74,9049,21.77,21.84,21.73
08/11/2023,21.74,9251,21.80,21.8099,21.70
08/10/2023,21.80,5604,21.90,21.95,21.80
08/09/2023,21.89,4274,21.83,21.89,21.83
08/08/2023,21.8263,256,21.8263,21.8263,21.8263
08/07/2023,21.8155,1940,21.84,21.84,21.77
08/04/2023,21.7558,513,21.755,21.77,21.755
08/03/2023,21.63,913,21.68,21.6865,21.63
08/02/2023,21.7305,6754,21.75,21.75,21.6737
08/01/2023,21.69,9507,21.70,21.78,21.69
07/31/2023,21.73,93593,21.78,21.83,21.73
07/28/2023,21.77,2480,21.76,21.8599,21.75
07/27/2023,21.78,23589,21.81,21.83,21.67
07/26/2023,21.86,11653,21.83,21.99,21.83
07/25/2023,21.9355,1673,21.9301,21.94,21.93
07/24/2023,21.94,1286,22.00,22.03,21.94
07/21/2023,21.99,10695,22.14,22.14,21.99
07/20/2023,21.9038,1276,21.8824,21.9038,21.88
07/19/2023,22.02,2506,22.06,22.06,21.92
07/18/2023,21.9014,106939,21.97,21.98,21.90
07/17/2023,21.9388,5069,21.88,21.9388,21.88
07/14/2023,21.88,3134,21.91,21.91,21.8205
07/13/2023,21.90,4221,21.77,21.91,21.7401
07/12/2023,21.71,8078,21.63,21.71,21.63
07/11/2023,21.4911,1875,21.3501,21.4911,21.35
07/10/2023,21.32,26093,21.61,21.61,21.32
07/07/2023,21.37,2183,21.38,21.42,21.32
07/06/2023,21.48,1476,21.45,21.48,21.45
07/05/2023,21.57,78137,21.89,21.89,21.49
07/03/2023,21.76,10924,21.83,21.83,21.685
06/30/2023,21.8322,9427,21.74,21.86,21.74
06/29/2023,21.6756,7783,21.61,21.6756,21.61
06/28/2023,21.7404,33299,21.71,21.7404,21.71
06/27/2023,21.69,4990,21.88,21.88,21.6609
06/26/2023,21.79,2169,21.7135,21.81,21.7135
06/23/2023,21.7442,5645,21.71,21.78,21.66
06/22/2023,21.76,1132,21.7899,21.7899,21.7492
06/21/2023,21.8095,15052,21.80,21.83,21.775
06/20/2023,21.8692,11824,21.75,21.88,21.75
06/16/2023,21.865,5334,21.91,21.93,21.865
06/15/2023,21.8631,10951,21.90,21.94,21.85
06/14/2023,21.8258,69234,21.835,21.835,21.785
06/13/2023,21.8055,4538,21.74,21.84,21.73
06/12/2023,21.8508,4888,22.11,22.11,21.7928
06/09/2023,21.98,4226,21.9016,21.98,21.9016
06/08/2023,21.8985,3169,22.18,22.18,21.8401
06/07/2023,21.75,61879,21.7401,21.79,21.7401
06/06/2023,21.99,1185,22.00,22.00,21.9724
06/05/2023,21.9691,26225,22.01,22.01,21.966
06/02/2023,22.0181,9642,22.0205,22.06,22.00
06/01/2023,21.9736,49205,21.92,21.99,21.9199
05/31/2023,21.8557,538,21.84,21.8557,21.805
05/30/2023,21.8876,7692,21.8699,21.89,21.8443
05/26/2023,21.8019,2174,21.70,21.85,21.70
05/25/2023,21.74,5084,21.75,21.76,21.67
05/24/2023,21.80,9422,21.85,21.85,21.80
05/23/2023,21.92,4145,21.9399,21.9399,21.908
05/22/2023,22.08,7621,22.02,22.08,22.02
05/19/2023,22.011,2160,22.10,22.10,21.998
05/18/2023,21.88,4023,21.80,21.92,21.41
05/17/2023,21.9265,1423,21.96,21.96,21.9265
05/16/2023,21.963,8327,22.02,22.02,21.95
05/15/2023,22.0504,21561,22.11,22.11,22.02
05/12/2023,22.20,2921,22.1659,22.21,22.1659
05/11/2023,22.1655,3113,22.20,22.20,22.1655
05/10/2023,22.23,6192,22.10,22.23,22.08
05/09/2023,22.0156,7881,22.08,22.10,22.00
05/08/2023,22.09,16187,24.30,24.30,22.04
05/05/2023,22.1825,4848,22.145,22.20,22.145
05/04/2023,22.1355,14549,21.84,22.15,21.84
05/03/2023,22.09,10531,22.09,22.13,22.0598
05/02/2023,22.19,16276,21.9804,22.23,21.9804
05/01/2023,21.9624,23533,22.33,22.33,21.95
04/28/2023,22.0473,24953,22.09,22.10,22.04
04/27/2023,21.9748,9045,21.89,22.01,21.89
04/26/2023,21.9586,98528,22.00,22.00,21.91
04/25/2023,22.0444,1607,22.07,22.07,22.0444
04/24/2023,22.17,1122,22.09,22.17,22.09
04/21/2023,22.0154,4077,22.02,22.07,22.01
04/20/2023,21.9798,14931,21.97,21.99,21.97
04/19/2023,21.9681,5393,21.98,21.98,21.9681
04/18/2023,22.0306,168,22.0171,22.0306,22.0171
04/17/2023,21.9891,2327,23.16,23.16,21.96
04/14/2023,22.0581,2142,22.045,22.09,22.045
04/13/2023,22.1068,56386,21.20,22.15,21.20
04/12/2023,21.86,2630,23.99,23.99,21.86
04/11/2023,21.8672,1449,21.7959,21.91,21.7959
04/10/2023,21.8294,2335,21.8499,21.86,21.8294
04/06/2023,22.01,2192,21.85,22.01,21.85
04/05/2023,21.8031,8473,21.835,21.835,21.8031
04/04/2023,21.80,1508,21.91,21.972,21.80
04/03/2023,21.9338,4487,23.82,23.82,21.90
03/31/2023,21.9308,2187,21.875,21.9308,21.82
03/30/2023,21.7106,19,21.7106,21.7106,21.7106
03/29/2023,21.5858,5487,21.59,21.62,21.58
03/28/2023,21.3466,209,21.3344,21.3466,21.3344
03/27/2023,21.3974,1446,21.53,21.5308,21.3974
03/24/2023,21.5554,825,21.61,21.61,21.53
03/23/2023,21.5241,393,21.63,21.63,21.5241
03/22/2023,21.5818,5534,21.52,21.64,21.49
03/21/2023,21.60,23926,21.46,21.74,21.44
03/20/2023,21.4177,478,21.41,21.42,21.41
03/17/2023,21.4079,2797,21.53,21.53,21.39
03/16/2023,21.56,19295,21.39,21.56,21.34
03/15/2023,21.30,1730,21.285,21.30,21.26
03/14/2023,21.348,4757,21.37,21.37,21.30
03/13/2023,21.23,4022,21.1838,21.27,21.16
03/10/2023,21.1453,865,21.22,21.22,21.1453
03/09/2023,21.1019,5101,21.2599,21.26,21.1019
03/08/2023,21.1225,3535,21.22,21.22,21.1225
03/07/2023,21.2207,4,21.2207,21.2207,21.2207
03/06/2023,21.3804,8547,21.39,21.4099,21.32
03/03/2023,21.3107,1131,21.1802,21.3107,21.13
03/02/2023,21.1219,1250,21.0899,21.1219,21.049
03/01/2023,21.03,2198,21.08,21.085,21.03
02/28/2023,21.1706,28,21.1706,21.1706,21.1706
02/27/2023,21.23,376,21.18,21.23,21.18
02/24/2023,21.0753,6694,21.29,21.29,21.05
02/23/2023,21.16,383,21.0882,21.16,21.0882
02/22/2023,21.0916,36,21.0916,21.0916,21.0916
02/21/2023,20.9858,966,21.05,21.05,20.9764
02/17/2023,21.2964,4599,21.16,21.2964,21.15
02/16/2023,21.1432,2446,21.22,21.22,21.13
02/15/2023,21.24,5579,21.27,21.33,21.24
02/14/2023,21.32,7277,21.30,21.365,21.30
02/13/2023,21.52,92812,21.455,21.52,21.43
02/10/2023,21.44,4042,21.48,21.48,21.42
02/09/2023,21.48,9545,21.50,21.56,21.48
02/08/2023,21.6261,692,21.66,21.68,21.6261
02/07/2023,21.71,1025,21.63,21.71,21.5503
02/06/2023,21.6184,1380,21.66,21.66,21.6184
02/03/2023,21.6951,3047,21.75,21.75,21.6951
02/02/2023,21.90,5709,21.952,21.96,21.89
02/01/2023,21.8566,9252,21.60,21.86,21.60
01/31/2023,21.61,800,21.40,21.61,21.40
01/30/2023,21.4848,6298,21.49,21.53,21.4848
01/27/2023,21.5405,1338,21.61,21.61,21.53
01/26/2023,21.6528,1669,21.6719,21.70,21.6528
01/25/2023,21.742,1496,21.76,21.76,21.742
01/24/2023,21.7622,846,21.79,21.79,21.7622
01/23/2023,21.6977,393,21.74,21.74,21.68
01/20/2023,21.79,2953,21.66,21.79,21.66
01/19/2023,21.7472,302,21.7715,21.7715,21.7472
01/18/2023,21.867,2048,21.995,22.0399,21.867
01/17/2023,21.93,2071,23.29,23.29,21.92
01/13/2023,21.90,8526,21.98,21.98,21.90
01/12/2023,22.00,991,21.915,22.00,21.915
01/11/2023,21.9137,1324,21.94,21.94,21.9137
01/10/2023,21.7555,350,20.52,21.7555,20.52
01/09/2023,21.78,11428,21.83,21.89,21.78
01/06/2023,21.8247,733,21.7001,21.873,21.7001
01/05/2023,21.44,508,21.5067,21.5067,21.44
01/04/2023,21.6216,1605,21.61,21.64,21.50
01/03/2023,21.4717,1653,21.50,21.50,21.425
12/30/2022,21.38,3461,21.38,21.395,21.38
12/29/2022,21.4633,1935,21.32,21.4633,21.32
12/28/2022,21.2035,8234,20.51,21.4599,20.51
12/27/2022,21.48,17873,21.54,21.54,21.27
12/23/2022,22.48,2365,22.44,22.49,22.44
12/22/2022,22.3873,4968,22.47,22.4772,22.36
12/21/2022,22.51,7681,22.50,22.51,22.50
12/20/2022,22.3669,2663,22.41,22.42,22.36
12/19/2022,22.4534,1548,22.4755,22.4755,22.42
12/16/2022,22.47,1123,22.57,22.57,22.47
12/15/2022,22.6959,3379,23.77,23.77,22.50
12/14/2022,22.774,2873,22.92,22.92,22.774
12/13/2022,22.79,35414,22.84,22.84,22.77
12/12/2022,22.61,227,22.61,22.61,22.61
12/09/2022,22.6009,1750,22.6101,22.6289,22.56
12/08/2022,22.6158,2812,22.56,22.62,22.54
12/07/2022,22.48,5734,22.49,22.57,22.48
12/06/2022,22.31,17962,22.35,22.36,22.31
12/05/2022,22.43,10307,22.5022,22.5022,22.40
12/02/2022,22.579,6146,22.56,22.58,22.53
12/01/2022,22.64,11389,22.62,22.66,22.56
11/30/2022,22.5157,3146,22.15,22.5157,22.15
11/29/2022,22.10,1662,22.19,22.19,22.10
11/28/2022,22.07,4786,22.196,22.196,22.07
11/25/2022,22.3221,111,22.3221,22.3221,22.3221
11/23/2022,22.482,7516,22.48,22.49,22.44
11/22/2022,22.3852,45845,22.33,22.3852,22.33
11/21/2022,22.18,1958,22.254,22.254,22.17
11/18/2022,22.24,11983,22.21,22.24,22.19
11/17/2022,22.01,48073,22.01,22.06,22.01
11/16/2022,22.2575,12562,24.37,24.37,22.14
11/15/2022,22.17,19086,22.21,22.22,22.16
11/14/2022,21.8948,3114,21.98,22.05,21.88
11/11/2022,22.123,672,22.06,22.22,22.05
11/10/2022,22.10,7976,22.1699,22.1699,22.0301
11/09/2022,21.531,4799,21.675,21.7599,21.531
11/08/2022,21.74,10642,21.83,21.83,21.61
11/07/2022,21.89,44123,21.62,21.89,21.62
11/04/2022,21.6986,47335,21.69,21.75,21.54
11/03/2022,21.5894,2571,21.545,21.676,21.47
11/02/2022,21.64,39828,21.79,21.98,21.64
11/01/2022,21.9098,5284,21.8913,21.98,21.82
10/31/2022,21.8635,1530,21.95,21.97,21.8635
10/28/2022,22.1977,776,22.2244,22.2499,22.13
10/27/2022,21.9615,2389,21.7306,21.9615,21.65
10/26/2022,21.65,14386,21.71,21.80,21.65
10/25/2022,21.7966,2339,21.97,21.97,21.7206
10/24/2022,21.6095,14738,21.6666,21.694,21.59
10/21/2022,21.5582,5655,21.48,21.65,21.48
10/20/2022,21.3637,4244,22.66,22.66,21.27
10/19/2022,21.5838,17935,21.59,21.59,21.52
10/18/2022,21.8452,21193,21.791,21.86,21.791
10/17/2022,21.655,10585,21.6551,21.73,21.6106
10/14/2022,21.48,5368,21.57,21.57,21.46
10/13/2022,21.41,4399,21.41,21.64,21.40
10/12/2022,21.5635,466,21.65,21.66,21.5635
10/11/2022,21.5938,2254,21.642,21.69,21.53
10/10/2022,21.5148,1173,21.52,21.52,21.5148
10/07/2022,21.7364,1474,21.96,21.97,21.68
10/06/2022,21.9368,1792,22.28,22.31,21.9368
10/05/2022,22.13,15202,22.00,22.14,21.92
10/04/2022,22.1316,6958,22.04,22.17,22.01
10/03/2022,21.99,2876,22.00,22.02,21.8797
09/30/2022,21.8841,66,21.8841,21.8841,21.8841
09/29/2022,21.99,16763,21.93,21.99,21.83
09/28/2022,21.9315,858,21.85,21.9315,21.85
09/27/2022,21.777,7285,21.80,21.8313,21.71
09/26/2022,21.86,3666,21.98,21.98,21.86
09/23/2022,22.00,13217,22.1569,22.2199,22.00
09/22/2022,22.1134,228,22.06,22.1134,22.06
09/21/2022,22.33,1124,22.29,22.33,22.27
09/20/2022,22.07,9491,22.215,22.215,22.07
09/19/2022,22.24,5434,22.33,22.33,22.24
09/16/2022,22.23,4919,22.305,22.38,22.23
09/15/2022,22.1926,2173,22.19,22.29,22.13
09/14/2022,22.3771,123243,22.52,22.59,22.29
09/13/2022,22.4263,759,22.38,22.4263,22.32
09/12/2022,22.6929,1333,22.97,22.97,22.66
09/09/2022,22.7446,1555,22.73,22.76,22.65
09/08/2022,22.7095,398,22.71,22.73,22.7095
09/07/2022,22.67,6295,22.58,22.67,22.5596
09/06/2022,22.3788,5096,22.37,22.43,22.37
09/02/2022,22.3607,6766,22.63,22.63,22.3607
09/01/2022,22.46,32269,22.33,22.46,22.30
08/31/2022,22.2792,11650,22.35,22.45,22.23
08/30/2022,22.38,2511,22.413,22.51,22.37
08/29/2022,22.488,1230,22.45,22.488,22.44
08/26/2022,22.50,6942,22.6889,22.6889,22.50
08/25/2022,22.93,2831,22.94,22.96,22.93
08/24/2022,22.8628,368,22.92,22.92,22.8628
08/23/2022,22.861,3548,22.8863,22.94,22.861
08/22/2022,22.9435,3457,22.96,22.97,22.9435
08/19/2022,23.04,6656,23.10,23.16,23.04
08/18/2022,23.37,441,23.33,23.37,23.325
08/17/2022,23.3478,24349,23.3053,23.41,23.26
08/16/2022,23.4254,4441,21.92,23.466,21.92
08/15/2022,23.51,6370,23.65,23.65,23.51
08/12/2022,23.5752,17369,23.48,23.63,23.48
08/11/2022,23.44,9724,23.61,23.61,23.37
08/10/2022,23.60,4467,23.50,23.60,23.46
08/09/2022,23.24,29635,23.32,23.38,23.24
08/08/2022,23.28,18251,23.449,23.49,23.28
08/05/2022,23.47,1991,23.38,23.47,23.29
08/04/2022,23.5802,3684,23.56,23.60,23.53
08/03/2022,23.57,5088,23.36,23.57,23.36
08/02/2022,23.3773,2308,23.59,23.59,23.3773
08/01/2022,23.55,1135,23.65,23.65,23.55
07/29/2022,23.65,46045,23.565,23.65,23.55
07/28/2022,23.42,82847,23.445,23.50,23.42
07/27/2022,23.15,5990,23.1114,23.26,23.1114
07/26/2022,23.0064,8368,23.05,23.11,22.97
07/25/2022,23.26,3991,23.47,25.69,23.2199
07/22/2022,23.16,15589,23.37,23.38,23.16
07/21/2022,23.1986,2305,22.96,23.1986,22.96
07/20/2022,22.94,1564,22.96,22.96,22.94
07/19/2022,22.8235,250,22.8235,22.8235,22.8235
07/18/2022,22.5624,2092,23.10,23.10,22.5624
07/15/2022,23.07,2642,22.89,23.07,22.89
07/14/2022,22.68,6176,22.371,22.68,22.34
07/13/2022,22.57,1629,22.59,22.59,22.51
07/12/2022,22.71,13455,22.68,22.71,22.645
07/11/2022,22.78,2277,22.51,22.81,22.51
07/08/2022,22.6762,4507,22.5101,22.70,22.51
07/07/2022,22.56,29666,22.5612,22.70,22.5275
07/06/2022,22.45,1926,22.46,22.46,22.31
07/05/2022,22.3602,3618,21.39,22.41,21.39
07/01/2022,22.51,3680,22.43,22.51,22.43
06/30/2022,22.2534,3573,22.1984,22.31,22.1984
06/29/2022,22.22,6420,22.16,22.22,22.10
06/28/2022,22.16,4245,22.20,22.25,22.15
06/27/2022,22.41,5073,22.46,22.46,22.39
06/24/2022,22.65,8837,22.62,22.65,22.57
06/23/2022,22.66,19964,22.47,22.66,22.44
06/22/2022,22.3017,3515,22.19,22.33,22.17
06/21/2022,22.13,41673,22.35,22.38,22.13
06/17/2022,22.32,1151,22.35,22.35,22.23
06/16/2022,22.36,18448,22.29,22.36,22.24
06/15/2022,22.4555,99668,22.29,22.515,22.29
06/14/2022,22.05,4113,22.11,22.11,22.05
06/13/2022,22.0466,14096,22.10,22.24,21.94
06/10/2022,22.55,21572,22.78,22.78,22.55
06/09/2022,22.9943,6687,23.39,23.39,22.98
06/08/2022,23.1431,17968,23.25,23.25,23.13
06/07/2022,23.4545,4532,23.2712,23.675,23.2712
06/06/2022,23.36,9997,23.54,23.54,23.34
06/03/2022,23.40,133441,23.52,23.52,23.40
06/02/2022,23.71,12263,23.52,23.71,23.52
06/01/2022,23.5094,8383,23.62,23.63,23.5094
05/31/2022,23.69,30348,23.64,23.70,23.5704
05/27/2022,23.8113,5506,23.74,23.86,23.69
05/26/2022,23.6554,13193,23.59,23.6921,23.5321
05/25/2022,23.46,39324,23.32,23.46,23.21
05/24/2022,23.33,14615,23.10,23.33,23.0857
05/23/2022,23.06,3736,23.05,23.06,23.03
05/20/2022,22.99,80948,22.92,22.99,22.91
05/19/2022,22.9248,658,22.84,22.93,22.7832
05/18/2022,22.86,43918,22.81,23.24,22.81
05/17/2022,22.9079,7828,22.95,22.97,22.9079
05/16/2022,23.0425,366,23.10,23.10,23.0425
05/13/2022,23.0804,26800,23.02,23.13,23.02
05/12/2022,23.0826,25547,23.17,23.17,23.03
05/11/2022,23.27,212,23.27,23.27,23.27
05/10/2022,23.2363,66,23.2363,23.2363,23.2363
05/09/2022,23.26,35005,23.1787,23.28,23.1787
05/06/2022,23.33,2302,23.26,23.33,23.225
05/05/2022,23.43,2679,23.37,23.43,23.37
05/04/2022,23.7744,908,23.52,23.84,23.52
05/03/2022,23.4651,13709,23.4416,23.51,23.4416
05/02/2022,23.4102,2632,23.97,23.97,23.4102
04/29/2022,23.58,4653,23.62,23.63,23.55
04/28/2022,23.96,522,23.93,23.96,23.93
04/27/2022,23.7405,27702,24.58,24.58,23.71
04/26/2022,23.90,2725,23.91,23.92,23.8844
04/25/2022,24.09,6646,23.87,24.10,23.81
04/22/2022,23.8744,4252,24.00,24.00,23.87
04/21/2022,24.0306,1850,24.0241,24.0306,24.00
04/20/2022,24.1661,183,24.10,24.1661,24.10
04/19/2022,24.06,4531,24.04,24.06,24.03
04/18/2022,24.0255,3143,24.05,24.05,24.02
04/14/2022,24.0677,5000,24.31,24.31,24.0677
04/13/2022,24.30,2204,24.27,24.30,24.25
04/12/2022,24.2018,114,24.2018,24.2018,24.2018
04/11/2022,24.1465,852,24.22,24.22,24.1465
04/08/2022,24.3091,27,24.3091,24.3091,24.3091
04/07/2022,24.4774,142,24.555,24.555,24.4774
04/06/2022,24.52,456,24.54,24.54,24.52
04/05/2022,24.59,286,24.67,24.67,24.59
04/04/2022,24.7486,3970,24.70,24.77,24.6602
04/01/2022,24.62,287,24.62,24.62,24.62
03/31/2022,24.6319,535,24.7074,24.7074,24.6319
03/30/2022,24.76,8473,24.70,24.76,24.69
03/29/2022,24.82,3718,24.54,24.82,24.54
03/28/2022,24.39,543,24.32,24.39,24.32
03/25/2022,24.30,7799,24.47,24.47,24.30
03/24/2022,24.5201,1393,24.50,24.5201,24.47
03/23/2022,24.5349,550,24.56,24.62,24.5349
03/22/2022,24.65,1615,24.60,24.67,24.57
03/21/2022,24.67,1660,24.88,24.89,24.61
03/18/2022,24.80,3711,24.73,24.86,24.73
03/17/2022,24.7826,2457,24.68,24.7826,24.68
03/16/2022,24.6771,44151,24.71,24.85,24.4784
03/15/2022,24.54,5705,24.57,24.57,24.45
03/14/2022,24.4144,3688,24.56,24.57,24.4144
03/11/2022,24.5382,3658,24.5971,24.615,24.5382
03/10/2022,24.65,6818,24.66,24.69,24.625
03/09/2022,24.87,595,24.80,24.885,24.80
03/08/2022,24.788,5763,25.01,25.01,24.73
03/07/2022,25.0405,12802,25.08,25.15,25.0405
03/04/2022,25.2053,1126,25.16,25.23,25.16
03/03/2022,25.2557,141450,25.40,25.40,25.2557
03/02/2022,25.285,318,25.33,25.33,25.285
03/01/2022,25.2557,172767,25.34,25.34,25.2557
02/28/2022,25.2359,150339,25.1877,25.29,25.1877
02/25/2022,25.28,152001,25.13,25.30,25.13
02/24/2022,25.1389,1439,25.22,25.22,25.06
02/23/2022,25.0002,1316,25.06,25.16,25.0002
02/22/2022,25.0896,1997,25.21,25.21,25.04
02/18/2022,25.1575,3122,25.0801,25.21,25.07
02/17/2022,25.0891,146776,25.27,25.27,25.06
02/16/2022,25.1371,144761,25.19,25.19,25.1371
02/15/2022,24.995,503,25.035,25.10,24.995
